pack_seed,a,b,T
pack_PPO_Ant1,120,630,733
pack_PPO_Ant2,125,467,733
pack_PPO_Ant3,113,597,733
pack_PPO_Ant4,102,617,733
pack_PPO_Ant5,128,660,733
pack_PPO_Ant6,179,549,733
pack_PPO_Ant7,136,651,733
pack_PPO_Ant8,121,660,733
pack_PPO_Ant9,93,529,733
pack_PPO_Ant10,121,412,733
pack_PPO_Ant11,109,660,733
pack_PPO_Ant12,127,569,733
pack_PPO_Ant13,95,651,733
pack_PPO_Ant14,100,660,733
pack_PPO_Ant15,142,438,733
pack_PPO_Ant16,103,640,733
pack_PPO_Ant17,119,502,733
pack_PPO_Ant18,135,660,733
pack_PPO_Ant19,119,660,733
pack_PPO_Ant20,110,462,733
pack_PPO_Ant21,123,599,733
pack_PPO_Ant22,116,577,733
pack_PPO_Ant23,91,660,733
pack_PPO_Ant24,138,515,733
pack_PPO_Ant25,124,660,733
pack_PPO_Ant26,136,546,733
pack_PPO_Ant27,155,660,733
pack_PPO_Ant28,128,480,733
pack_PPO_Ant29,127,626,733
pack_PPO_Ant30,110,526,733
